grams,count,freq
AA,2852,0.09551239115874079
AC,2024,0.06778298727394508
AG,1739,0.05823844608171467
AT,2306,0.07722705961152043
CA,2082,0.06972538513060951
CC,887,0.0297052913596785
CG,437,0.01463496316141996
CT,2079,0.06962491627595445
GA,1611,0.05395177494976557
GC,1165,0.03901540522438044
GG,1090,0.03650368385800402
GT,1990,0.0666443402545211
TA,2377,0.07960482250502345
TC,1409,0.04718687206965841
TG,2590,0.08673811118553248
TT,3222,0.10790354989953115
